{
	"partitions" : [
		{
			"name" : "Top",
			"pins" : [
				{
					"name" : "GPIO_0_D[1]",
					"strict" : false
				},
				{
					"name" : "GPIO_0_D[5]",
					"strict" : false
				},
				{
					"name" : "GPIO_0_D[7]",
					"strict" : false
				},
				{
					"name" : "GPIO_0_D[9]",
					"strict" : false
				},
				{
					"name" : "GPIO_0_D[11]",
					"strict" : false
				},
				{
					"name" : "GPIO_0_D[13]",
					"strict" : false
				},
				{
					"name" : "GPIO_0_D[15]",
					"strict" : false
				},
				{
					"name" : "GPIO_0_D[17]",
					"strict" : false
				},
				{
					"name" : "GPIO_0_D[19]",
					"strict" : false
				},
				{
					"name" : "GPIO_0_D[21]",
					"strict" : false
				},
				{
					"name" : "GPIO_0_D[23]",
					"strict" : false
				},
				{
					"name" : "GPIO_1_D[30]",
					"strict" : false
				},
				{
					"name" : "GPIO_1_D[29]",
					"strict" : false
				},
				{
					"name" : "GPIO_1_D[28]",
					"strict" : false
				},
				{
					"name" : "KEY[0]",
					"strict" : false
				},
				{
					"name" : "GPIO_1_D[26]",
					"strict" : false
				},
				{
					"name" : "GPIO_1_D[25]",
					"strict" : false
				},
				{
					"name" : "GPIO_1_D[24]",
					"strict" : false
				},
				{
					"name" : "GPIO_1_D[21]",
					"strict" : false
				},
				{
					"name" : "GPIO_1_D[20]",
					"strict" : false
				},
				{
					"name" : "GPIO_1_D[27]",
					"strict" : false
				},
				{
					"name" : "GPIO_1_D[23]",
					"strict" : false
				}
			]
		}
	]
}